{"cameraMode":{"drawMode":0,"name":"Shaded","section":"Shading Mode"},"sceneLighting":true,"audioPlay":false,"sceneViewState":{"m_AlwaysRefresh":false,"showFog":true,"showSkybox":true,"showFlares":true,"showImageEffects":true,"showParticleSystems":true,"showVisualEffectGraphs":true,"m_FxEnabled":true},"in2DMode":false,"pivot":{"x":-2.7096991539001467,"y":0.4428011476993561,"z":1.3918933868408204},"rotation":{"x":0.027963681146502496,"y":-0.4761202931404114,"z":0.015150700695812703,"w":0.8788195252418518},"size":3.9586429595947267,"orthographic":false}